"categoria,""centroide_lat"",""centroide_lon"",""fuente"",""id"",""nombre"",""nombre_completo"",""provincia_id"",""provincia_interseccion"",""provincia_nombre"""
"Departamento,-31.290298372,-58.23786969,""IGN"",""30015"",""Concordia"",""Departamento Concordia"",""30"",0.04146816645164685,""Entre Ríos"""
"Departamento,-26.52104235,-62.728013928,""IGN"",""86014"",""Alberdi"",""Departamento Alberdi"",""86"",0.09305872316108595,""Santiago del Estero"""
"Departamento,-31.03503131,-65.41197244,""IGN"",""14070"",""Minas"",""Departamento Minas"",""14"",0.021426746067843644,""Córdoba"""
"Departamento,-31.708028328,-65.156514737,""IGN"",""14126"",""San Alberto"",""Departamento San Alberto"",""14"",0.020483724929477795,""Córdoba"""
"Departamento,-31.73310879,-63.474855521,""IGN"",""14119"",""Río Segundo"",""Departamento Río Segundo"",""14"",0.031140857781435646,""Córdoba"""
"Departamento,-31.242567097,-62.527589057,""IGN"",""14140"",""San Justo"",""Departamento San Justo"",""14"",0.09349485116579959,""Córdoba"""
"Departamento,-32.878381661,-62.791597056,""IGN"",""14182"",""Unión"",""Departamento Unión"",""14"",0.06663874097279908,""Córdoba"""
"Departamento,-32.287680023,-63.779004896,""IGN"",""14161"",""Tercero Arriba"",""Departamento Tercero Arriba"",""14"",0.031245898346984994,""Córdoba"""
"Departamento,-24.988543936,-65.403816109,""IGN"",""66035"",""Cerrillos"",""Departamento Cerrillos"",""66"",0.0034965840642226503,""Salta"""
"Departamento,-33.330534189,-64.493134309,""IGN"",""14098"",""Río Cuarto"",""Departamento Río Cuarto"",""14"",0.114106099222601,""Córdoba"""
"Departamento,-33.293400987,-69.296285903,""IGN"",""50126"",""Tupungato"",""Departamento Tupungato"",""50"",0.01621206658601519,""Mendoza"""
"Partido,-35.46618301,-58.389651959,""IGN"",""06343"",""General Paz"",""Partido de General Paz"",""06"",0.003859335754652366,""Buenos Aires"""
"Partido,-36.666034542,-57.995736595,""IGN"",""06308"",""General Guido"",""Partido de General Guido"",""06"",0.007595352012165537,""Buenos Aires"""
"Partido,-37.153515719,-57.230660595,""IGN"",""06315"",""General Juan Madariaga"",""Partido de General Juan Madariaga"",""06"",0.009798211242702339,""Buenos Aires"""
"Departamento,-30.020506998,-62.280260407,""IGN"",""86154"",""Rivadavia"",""Departamento Rivadavia"",""86"",0.025091287806289015,""Santiago del Estero"""
"Departamento,-25.151441332,-65.606332757,""IGN"",""66042"",""Chicoana"",""Departamento Chicoana"",""66"",0.006825390430178707,""Salta"""
"Departamento,-43.272514089,-66.172070579,""IGN"",""26042"",""Gaiman"",""Departamento Gaiman"",""26"",0.05135104102538588,""Chubut"""
"Departamento,-43.137329263,-65.075717061,""IGN"",""26077"",""Rawson"",""Departamento Rawson"",""26"",0.018237467714883996,""Chubut"""
"Departamento,-28.790438677,-68.697544493,""IGN"",""46077"",""General Lamadrid"",""Departamento General Lamadrid"",""46"",0.06647462729753016,""La Rioja"""
"Departamento,-32.165721709,-66.542361807,""IGN"",""74007"",""Ayacucho"",""Departamento Ayacucho"",""74"",0.10627817582229807,""San Luis"""
"Departamento,-29.30437662,-64.014496788,""IGN"",""86126"",""Ojo de Agua"",""Departamento Ojo de Agua"",""86"",0.04736156440097289,""Santiago del Estero"""
"Departamento,-28.7541678,-64.763892439,""IGN"",""86063"",""Choya"",""Departamento Choya"",""86"",0.04567320416148514,""Santiago del Estero"""
"Departamento,-35.368450623,-65.809487373,""IGN"",""74042"",""Gobernador Dupuy"",""Departamento Gobernador Dupuy"",""74"",0.24886537965194774,""San Luis"""
"Departamento,-25.038755786,-66.202620089,""IGN"",""66014"",""Cachi"",""Departamento Cachi"",""66"",0.01842726546983261,""Salta"""
"Partido,-34.81824477,-58.155461509,""IGN"",""06091"",""Berazategui"",""Partido de Berazategui"",""06"",0.0007028613855335527,""Buenos Aires"""
"Departamento,-24.764602117,-64.956062082,""IGN"",""66049"",""General Güemes"",""Departamento General Güemes"",""66"",0.014168864976907482,""Salta"""
"Comuna,-34.61684339,-58.443568228,""IGN"",""02042"",""Comuna 6"",""Comuna 6"",""02"",0.03331814941505909,""Ciudad Autónoma de Buenos Aires"""
"Departamento,-33.616998915,-67.963856114,""IGN"",""50112"",""Santa Rosa"",""Departamento Santa Rosa"",""50"",0.05861840044327359,""Mendoza"""
"Departamento,-31.006760703,-66.058984976,""IGN"",""46084"",""General Ortiz de Ocampo"",""Departamento General Ortiz de Ocampo"",""46"",0.04144019056232455,""La Rioja"""
"Departamento,-30.219516925,-63.82878872,""IGN"",""14175"",""Tulumba"",""Departamento Tulumba"",""14"",0.057892422571752644,""Córdoba"""
"Departamento,-30.656757655,-65.078206593,""IGN"",""14028"",""Cruz del Eje"",""Departamento Cruz del Eje"",""14"",0.040816020115574565,""Córdoba"""
"Departamento,-31.218758284,-64.585872218,""IGN"",""14091"",""Punilla"",""Departamento Punilla"",""14"",0.014895324888307193,""Córdoba"""
"Departamento,-27.333376077,-61.475806548,""IGN"",""22036"",""12 de Octubre"",""Departamento 12 de Octubre"",""22"",0.027926058222724755,""Chaco"""
"Departamento,-33.41707689,-68.604973299,""IGN"",""50084"",""Rivadavia"",""Departamento Rivadavia"",""50"",0.013937990431599594,""Mendoza"""
"Partido,-38.257642163,-62.290565998,""IGN"",""06819"",""Tornquist"",""Partido de Tornquist"",""06"",0.013864227543794228,""Buenos Aires"""
"Partido,-34.669621454,-62.039853674,""IGN"",""06351"",""General Pinto"",""Partido de General Pinto"",""06"",0.00811763944867901,""Buenos Aires"""
"Departamento,-28.533043666,-66.719102601,""IGN"",""46007"",""Arauco"",""Departamento Arauco"",""46"",0.027319928258448648,""La Rioja"""
"Departamento,-40.952663691,-65.371244333,""IGN"",""62077"",""San Antonio"",""Departamento San Antonio"",""62"",0.07145916723700026,""Río Negro"""
"Departamento,-34.945449054,-68.384239784,""IGN"",""50105"",""San Rafael"",""Departamento San Rafael"",""50"",0.21113984997334018,""Mendoza"""
"Departamento,-24.875456354,-63.839726329,""IGN"",""66007"",""Anta"",""Departamento Anta"",""66"",0.14543611182110333,""Salta"""
"Partido,-36.271191706,-63.225752112,""IGN"",""06616"",""Pellegrini"",""Partido de Pellegrini"",""06"",0.0059153935505831985,""Buenos Aires"""
"Departamento,-39.131486354,-71.046317963,""IGN"",""58007"",""Aluminé"",""Departamento Aluminé"",""58"",0.05055567160842173,""Neuquén"""
"Departamento,-22.815345231,-64.920514125,""IGN"",""66070"",""Iruya"",""Departamento Iruya"",""66"",0.022475236570366923,""Salta"""
"Departamento,-40.314223089,-71.184263963,""IGN"",""58056"",""Lácar"",""Departamento Lácar"",""58"",0.05394000373125745,""Neuquén"""
"Departamento,-28.334338272,-65.731187898,""IGN"",""10063"",""Fray Mamerto Esquiú"",""Departamento Fray Mamerto Esquiú"",""10"",0.0018445735978394175,""Catamarca"""
"Departamento,-28.600068484,-65.707932416,""IGN"",""10112"",""Valle Viejo"",""Departamento Valle Viejo"",""10"",0.006039175164056665,""Catamarca"""
"Departamento,-27.382298677,-58.517474225,""IGN"",""18133"",""San Cosme"",""Departamento San Cosme"",""18"",0.006562679650685999,""Corrientes"""
"Comuna,-34.606443542,-58.371511742,""IGN"",""02007"",""Comuna 1"",""Comuna 1"",""02"",0.08710200540102787,""Ciudad Autónoma de Buenos Aires"""
"Comuna,-34.642112895,-58.387561403,""IGN"",""02028"",""Comuna 4"",""Comuna 4"",""02"",0.11018400460252573,""Ciudad Autónoma de Buenos Aires"""
"Departamento,-27.659629937,-59.827840211,""IGN"",""22161"",""Tapenagá"",""Departamento Tapenagá"",""22"",0.060663271247323285,""Chaco"""
"Departamento,-32.575467562,-67.896691264,""IGN"",""50056"",""Lavalle"",""Departamento Lavalle"",""50"",0.066175519874204,""Mendoza"""
"Departamento,-36.158940038,-69.313081046,""IGN"",""50077"",""Malargüe"",""Departamento Malargüe"",""50"",0.2771967479008184,""Mendoza"""
"Departamento,-34.14048937,-63.418865209,""IGN"",""14084"",""Presidente Roque Sáenz Peña"",""Departamento Presidente Roque Sáenz Peña"",""14"",0.05118167202855177,""Córdoba"""
"Departamento,-40.925551471,-67.457491656,""IGN"",""62049"",""9 de Julio"",""Departamento 9 de Julio"",""62"",0.11990465945739102,""Río Negro"""
"Partido,-38.076076321,-63.05743261,""IGN"",""06651"",""Puán"",""Partido de Puán"",""06"",0.021207510721444413,""Buenos Aires"""
"Departamento,-54.770467636,-66.68362006,""IGN"",""94015"",""Ushuaia"",""Departamento Ushuaia"",""94"",0.0018950196649234773,""Tierra del Fuego, Antártida e Islas del Atlántico Sur"""
"Comuna,-34.617369924,-58.42057219,""IGN"",""02035"",""Comuna 5"",""Comuna 5"",""02"",0.03239188369771232,""Ciudad Autónoma de Buenos Aires"""
"Departamento,-29.985327367,-59.241381842,""IGN"",""18049"",""Esquina"",""Departamento Esquina"",""18"",0.04457147430578928,""Corrientes"""
"Partido,-34.842149742,-57.979109093,""IGN"",""06245"",""Ensenada"",""Partido de Ensenada"",""06"",0.0003623551073798824,""Buenos Aires"""
"Partido,-34.770260502,-62.954198841,""IGN"",""06392"",""General Villegas"",""Partido de General Villegas"",""06"",0.023064351719685183,""Buenos Aires"""
"Comuna,-34.566227607,-58.490428041,""IGN"",""02084"",""Comuna 12"",""Comuna 12"",""02"",0.0759370848662675,""Ciudad Autónoma de Buenos Aires"""
"Departamento,-26.666318524,-60.172974276,""IGN"",""22133"",""Quitilipi"",""Departamento Quitilipi"",""22"",0.015665623621735014,""Chaco"""
"Departamento,-27.346055929,-58.071381791,""IGN"",""18077"",""Itatí"",""Departamento Itatí"",""18"",0.009649138974149424,""Corrientes"""
"Departamento,-41.739822928,-70.401145909,""IGN"",""62056"",""Ñorquinco"",""Departamento Ñorquinco"",""62"",0.04158057905453651,""Río Negro"""
"Departamento,-39.403965224,-69.427190721,""IGN"",""58098"",""Picún Leufú"",""Departamento Picún Leufú"",""58"",0.049204572029573394,""Neuquén"""
"Departamento,-38.922176526,-69.822368201,""IGN"",""58112"",""Zapala"",""Departamento Zapala"",""58"",0.05548989607030764,""Neuquén"""
"Departamento,-37.979231573,-63.954486428,""IGN"",""42077"",""Hucal"",""Departamento Hucal"",""42"",0.042452279042339024,""La Pampa"""
"Departamento,-26.657908187,-54.563177451,""IGN"",""54084"",""Montecarlo"",""Departamento Montecarlo"",""54"",0.05885980132878364,""Misiones"""
"Departamento,-26.313844997,-54.440736339,""IGN"",""54042"",""Eldorado"",""Departamento Eldorado"",""54"",0.05735594350194264,""Misiones"""
"Departamento,-26.629960774,-53.962978042,""IGN"",""54112"",""San Pedro"",""Departamento San Pedro"",""54"",0.13614655907638,""Misiones"""
"Departamento,-82.777676655,-50.648030604,""IGN"",""94028"",""Antártida Argentina"",""Departamento Antártida Argentina"",""94"",0.9912196290790214,""Tierra del Fuego, Antártida e Islas del Atlántico Sur"""
"Departamento,-36.858557894,-70.78364815,""IGN"",""58077"",""Minas"",""Departamento Minas"",""58"",0.06264774353332477,""Neuquén"""
"Departamento,-36.880564189,-70.28637931,""IGN"",""58042"",""Chos Malal"",""Departamento Chos Malal"",""58"",0.0474106205664362,""Neuquén"""
"Departamento,-42.366397304,-70.711997803,""IGN"",""26014"",""Cushamen"",""Departamento Cushamen"",""26"",0.07098863797542551,""Chubut"""
"Departamento,-46.834204371,-70.631399574,""IGN"",""78035"",""Lago Buenos Aires"",""Departamento Lago Buenos Aires"",""78"",0.11236978823093517,""Santa Cruz"""
"Comuna,-34.636554414,-58.451886857,""IGN"",""02049"",""Comuna 7"",""Comuna 7"",""02"",0.060429556347567324,""Ciudad Autónoma de Buenos Aires"""
"Departamento,-22.290645261,-65.566739421,""IGN"",""38112"",""Yavi"",""Departamento Yavi"",""38"",0.05603677904877077,""Jujuy"""
"Departamento,-22.137640685,-66.227261408,""IGN"",""38077"",""Santa Catalina"",""Departamento Santa Catalina"",""38"",0.05469503361838625,""Jujuy"""
"Departamento,-24.298508317,-64.810989906,""IGN"",""38063"",""San Pedro"",""Departamento San Pedro"",""38"",0.038744065154772314,""Jujuy"""
"Departamento,-23.466614061,-65.012019344,""IGN"",""38105"",""Valle Grande"",""Departamento Valle Grande"",""38"",0.022791185956491492,""Jujuy"""
"Departamento,-24.875008186,-59.958428013,""IGN"",""34035"",""Patiño"",""Departamento Patiño"",""34"",0.3472235332425387,""Formosa"""
"Departamento,-24.025499022,-61.282861177,""IGN"",""34007"",""Bermejo"",""Departamento Bermejo"",""34"",0.18256711006414125,""Formosa"""
"Departamento,-23.520671093,-66.66171188,""IGN"",""38084"",""Susques"",""Departamento Susques"",""38"",0.1918821556941689,""Jujuy"""
"Comuna,-34.627851792,-58.502817847,""IGN"",""02070"",""Comuna 10"",""Comuna 10"",""02"",0.061458024612240675,""Ciudad Autónoma de Buenos Aires"""
"Departamento,-24.642624898,-67.34409569,""IGN"",""66105"",""Los Andes"",""Departamento Los Andes"",""66"",0.16203188294160006,""Salta"""
"Departamento,-23.498791632,-64.15094565,""IGN"",""66126"",""Orán"",""Departamento Orán"",""66"",0.07446797665642879,""Salta"""
"Departamento,-23.560401518,-65.32001059,""IGN"",""38094"",""Tilcara"",""Departamento Tilcara"",""38"",0.03989193186902716,""Jujuy"""
"Departamento,-24.194922517,-65.12644981,""IGN"",""38042"",""Palpalá"",""Departamento Palpalá"",""38"",0.009220606696386304,""Jujuy"""
"Departamento,-45.340559189,-70.64008501,""IGN"",""26084"",""Río Senguer"",""Departamento Río Senguer"",""26"",0.10466897804455147,""Chubut"""
"Departamento,-41.498137665,-71.531086306,""IGN"",""62021"",""Bariloche"",""Departamento Bariloche"",""62"",0.027252222673663357,""Río Negro"""
"Departamento,-39.794677678,-71.259002554,""IGN"",""58049"",""Huiliches"",""Departamento Huiliches"",""58"",0.04336056352285538,""Neuquén"""
"Comuna,-34.606137011,-58.496742008,""IGN"",""02077"",""Comuna 11"",""Comuna 11"",""02"",0.06841390307433007,""Ciudad Autónoma de Buenos Aires"""
"Departamento,-37.434521538,-67.604532904,""IGN"",""42112"",""Puelén"",""Departamento Puelén"",""42"",0.0917966551942319,""La Pampa"""
"Departamento,-29.388323402,-63.348416122,""IGN"",""86140"",""Quebrachos"",""Departamento Quebrachos"",""86"",0.02971737278658735,""Santiago del Estero"""
"Departamento,-30.228961235,-57.870301872,""IGN"",""18112"",""Monte Caseros"",""Departamento Monte Caseros"",""18"",0.03077648603381418,""Corrientes"""
"Departamento,-28.187761284,-63.854114579,""IGN"",""86175"",""San Martín"",""Departamento San Martín"",""86"",0.013133506490325185,""Santiago del Estero"""
"Departamento,-31.315337904,-61.109480802,""IGN"",""82070"",""Las Colonias"",""Departamento Las Colonias"",""82"",0.0475450891415189,""Santa Fe"""
"Departamento,-30.530424814,-60.488694067,""IGN"",""82112"",""San Justo"",""Departamento San Justo"",""82"",0.04200623212046185,""Santa Fe"""
"Departamento,-30.228389721,-61.359937207,""IGN"",""82091"",""San Cristóbal"",""Departamento San Cristóbal"",""82"",0.10942431471467119,""Santa Fe"""
"Departamento,-30.104146106,-59.898070474,""IGN"",""82098"",""San Javier"",""Departamento San Javier"",""82"",0.04989356615643195,""Santa Fe"""
"Departamento,-23.854486543,-62.077065006,""IGN"",""34028"",""Matacos"",""Departamento Matacos"",""34"",0.053298317079343516,""Formosa"""
"Departamento,-35.230662056,-64.209849806,""IGN"",""42133"",""Realicó"",""Departamento Realicó"",""42"",0.01663384378624272,""La Pampa"""
"Departamento,-37.24190212,-66.555232692,""IGN"",""42091"",""Limay Mahuida"",""Departamento Limay Mahuida"",""42"",0.07000208065702637,""La Pampa"""
"Departamento,-29.695466806,-58.324859904,""IGN"",""18035"",""Curuzú Cuatiá"",""Departamento Curuzú Cuatiá"",""18"",0.09411214301298676,""Corrientes"""
"Departamento,-33.038494762,-69.451685052,""IGN"",""50063"",""Luján de Cuyo"",""Departamento Luján de Cuyo"",""50"",0.031741182850362204,""Mendoza"""
"Departamento,-27.74296161,-60.656712882,""IGN"",""22098"",""Mayor Luis J. Fontana"",""Departamento Mayor Luis J. Fontana"",""22"",0.03758629731352258,""Chaco"""
"Departamento,-25.871561301,-64.728808924,""IGN"",""66140"",""Rosario de la Frontera"",""Departamento Rosario de la Frontera"",""66"",0.03537588282228372,""Salta"""
"Departamento,-40.052919429,-70.281366776,""IGN"",""58028"",""Collón Curá"",""Departamento Collón Curá"",""58"",0.06233051078795909,""Neuquén"""
"Departamento,-28.316697715,-68.52529283,""IGN"",""46098"",""Vinchina"",""Departamento Vinchina"",""46"",0.12310962382507079,""La Rioja"""
"Departamento,-25.74521191,-61.958981362,""IGN"",""22007"",""Almirante Brown"",""Departamento Almirante Brown"",""22"",0.17648267344304105,""Chaco"""
"Departamento,-30.577808117,-65.932473994,""IGN"",""46063"",""General Belgrano"",""Departamento General Belgrano"",""46"",0.03106391368068302,""La Rioja"""
"Departamento,-28.110316742,-65.674318015,""IGN"",""10077"",""Paclín"",""Departamento Paclín"",""10"",0.00980737231272537,""Catamarca"""
"Departamento,-27.485542425,-64.7601169,""IGN"",""86147"",""Río Hondo"",""Departamento Río Hondo"",""86"",0.014899176867877825,""Santiago del Estero"""
"Departamento,-31.462741662,-65.435155097,""IGN"",""14077"",""Pocho"",""Departamento Pocho"",""14"",0.01848084775845609,""Córdoba"""
"Comuna,-34.585788879,-58.394903542,""IGN"",""02014"",""Comuna 2"",""Comuna 2"",""02"",0.03073965553128325,""Ciudad Autónoma de Buenos Aires"""
"Departamento,-26.943638302,-61.264612522,""IGN"",""22105"",""9 de Julio"",""Departamento 9 de Julio"",""22"",0.02180483812908274,""Chaco"""
"Departamento,-53.746291987,-68.136104654,""IGN"",""94008"",""Río Grande"",""Departamento Río Grande"",""94"",0.0015795481373491501,""Tierra del Fuego, Antártida e Islas del Atlántico Sur"""
"Departamento,-28.106114741,-63.446175149,""IGN"",""86182"",""Sarmiento"",""Departamento Sarmiento"",""86"",0.012326454147720788,""Santiago del Estero"""
"Departamento,-47.330562996,-68.029054803,""IGN"",""78014"",""Deseado"",""Departamento Deseado"",""78"",0.25090900057502047,""Santa Cruz"""
"Departamento,-43.323491879,-70.348407988,""IGN"",""26056"",""Languiñeo"",""Departamento Languiñeo"",""26"",0.06541551414919365,""Chubut"""
"Departamento,-31.416756877,-64.183583773,""IGN"",""14014"",""Capital"",""Departamento Capital"",""14"",0.003469892552406482,""Córdoba"""
"Comuna,-34.674566476,-58.46194806,""IGN"",""02056"",""Comuna 8"",""Comuna 8"",""02"",0.10885862552676105,""Ciudad Autónoma de Buenos Aires"""
"Departamento,-27.976851196,-64.871224122,""IGN"",""86084"",""Guasayán"",""Departamento Guasayán"",""86"",0.019473834489901424,""Santiago del Estero"""
"Departamento,-29.76430926,-64.142518265,""IGN"",""14154"",""Sobremonte"",""Departamento Sobremonte"",""14"",0.019208792343163066,""Córdoba"""
"Departamento,-32.218712348,-59.769701915,""IGN"",""30077"",""Nogoyá"",""Departamento Nogoyá"",""30"",0.05594614517417836,""Entre Ríos"""
"Departamento,-27.434706768,-64.209865807,""IGN"",""86035"",""Banda"",""Departamento Banda"",""86"",0.025181773151072315,""Santiago del Estero"""
"Departamento,-44.03018438,-68.685862838,""IGN"",""26070"",""Paso de Indios"",""Departamento Paso de Indios"",""26"",0.09944833700307815,""Chubut"""
"Partido,-34.382019908,-58.588173873,""IGN"",""06805"",""Tigre"",""Partido de Tigre"",""06"",0.0013729352201051154,""Buenos Aires"""
"Departamento,-26.773464856,-66.261270525,""IGN"",""10091"",""Santa María"",""Departamento Santa María"",""10"",0.05383966081348193,""Catamarca"""
"Departamento,-28.082107972,-65.335082466,""IGN"",""10098"",""Santa Rosa"",""Departamento Santa Rosa"",""10"",0.015807130134294176,""Catamarca"""
"Departamento,-29.395503622,-65.192033875,""IGN"",""10070"",""La Paz"",""Departamento La Paz"",""10"",0.08317107781537994,""Catamarca"""
"Partido,-34.915487328,-59.958419488,""IGN"",""06224"",""Chivilcoy"",""Partido de Chivilcoy"",""06"",0.0065781774178823565,""Buenos Aires"""
"Departamento,-41.133045037,-68.906326204,""IGN"",""62091"",""25 de Mayo"",""Departamento 25 de Mayo"",""62"",0.1381586027527178,""Río Negro"""
"Departamento,-43.81384795,-67.239981103,""IGN"",""26063"",""Mártires"",""Departamento Mártires"",""26"",0.06973017339537117,""Chubut"""
"Departamento,-34.075524877,-69.097309051,""IGN"",""50091"",""San Carlos"",""Departamento San Carlos"",""50"",0.07703476158629413,""Mendoza"""
"Departamento,-48.28732902,-71.113837499,""IGN"",""78049"",""Río Chico"",""Departamento Río Chico"",""78"",0.13747643993969397,""Santa Cruz"""
"Partido,-34.155836112,-58.534581657,""IGN"",""06749"",""San Fernando"",""Partido de San Fernando"",""06"",0.003416195055596615,""Buenos Aires"""
"Comuna,-34.613843082,-58.402651451,""IGN"",""02021"",""Comuna 3"",""Comuna 3"",""02"",0.03105544131404657,""Ciudad Autónoma de Buenos Aires"""
"Partido,-35.527208972,-60.230283789,""IGN"",""06854"",""25 de Mayo"",""Partido de 25 de Mayo"",""06"",0.015414615843042306,""Buenos Aires"""
"Partido,-35.481227148,-60.975425442,""IGN"",""06588"",""9 de Julio"",""Partido de 9 de Julio"",""06"",0.013803209604185362,""Buenos Aires"""
"Partido,-35.883620834,-61.928125734,""IGN"",""06609"",""Pehuajó"",""Partido de Pehuajó"",""06"",0.014622883704722561,""Buenos Aires"""
"Departamento,-42.438851941,-67.176877305,""IGN"",""26105"",""Telsen"",""Departamento Telsen"",""26"",0.08478371793692786,""Chubut"""
"Departamento,-40.887552358,-70.462710536,""IGN"",""62070"",""Pilcaniyeu"",""Departamento Pilcaniyeu"",""62"",0.05469615720173515,""Río Negro"""
"Departamento,-27.853944073,-63.90750926,""IGN"",""86161"",""Robles"",""Departamento Robles"",""86"",0.00989756982231073,""Santiago del Estero"""
"Partido,-37.196762082,-63.056055153,""IGN"",""06007"",""Adolfo Alsina"",""Partido de Adolfo Alsina"",""06"",0.019334419382703243,""Buenos Aires"""
"Departamento,-35.21884569,-67.080588174,""IGN"",""50014"",""General Alvear"",""Departamento General Alvear"",""50"",0.0994853305721355,""Mendoza"""
"Departamento,-24.562399624,-65.429099444,""IGN"",""66077"",""La Caldera"",""Departamento La Caldera"",""66"",0.00704116329537909,""Salta"""
"Departamento,-28.624480437,-64.310727431,""IGN"",""86105"",""Loreto"",""Departamento Loreto"",""86"",0.02292635387436273,""Santiago del Estero"""
"Departamento,-36.581670209,-63.664868534,""IGN"",""42028"",""Catriló"",""Departamento Catriló"",""42"",0.017370779963721564,""La Pampa"""
"Partido,-34.271077787,-60.305287869,""IGN"",""06714"",""Salto"",""Partido de Salto"",""06"",0.005108208012561209,""Buenos Aires"""
"Partido,-34.295134224,-59.155946132,""IGN"",""06266"",""Exaltación de la Cruz"",""Partido de Exaltación de la Cruz"",""06"",0.0020188004887221607,""Buenos Aires"""
"Partido,-34.552134349,-58.691783523,""IGN"",""06760"",""San Miguel"",""Partido de San Miguel"",""06"",0.000263265258351352,""Buenos Aires"""
"Partido,-34.437731429,-59.473198591,""IGN"",""06728"",""San Andrés de Giles"",""Partido de San Andrés de Giles"",""06"",0.0035874433628563423,""Buenos Aires"""
"Departamento,-27.884765228,-64.43566754,""IGN"",""86049"",""Capital"",""Departamento Capital"",""86"",0.015520267473599065,""Santiago del Estero"""
"Comuna,-34.573874741,-58.422294081,""IGN"",""02098"",""Comuna 14"",""Comuna 14"",""02"",0.07705273121249688,""Ciudad Autónoma de Buenos Aires"""
"Partido,-34.448164005,-58.90333273,""IGN"",""06638"",""Pilar"",""Partido de Pilar"",""06"",0.0012222709309169584,""Buenos Aires"""
"Partido,-34.56732242,-59.15845644,""IGN"",""06497"",""Luján"",""Partido de Luján"",""06"",0.0024540482876441046,""Buenos Aires"""
"Partido,-34.835619113,-58.367372933,""IGN"",""06028"",""Almirante Brown"",""Partido de Almirante Brown"",""06"",0.00041262012347550515,""Buenos Aires"""
"Partido,-34.929847841,-58.398084211,""IGN"",""06648"",""Presidente Perón"",""Partido de Presidente Perón"",""06"",0.0003897990422797196,""Buenos Aires"""
"Partido,-35.222519799,-58.175233904,""IGN"",""06119"",""Brandsen"",""Partido de Brandsen"",""06"",0.0035731250374631427,""Buenos Aires"""
"Partido,-35.036968511,-60.281976592,""IGN"",""06021"",""Alberti"",""Partido de Alberti"",""06"",0.003591994395848953,""Buenos Aires"""
"Partido,-35.061412271,-60.604046653,""IGN"",""06112"",""Bragado"",""Partido de Bragado"",""06"",0.00703640109962811,""Buenos Aires"""
"Partido,-34.909424378,-58.995446621,""IGN"",""06329"",""General Las Heras"",""Partido de General Las Heras"",""06"",0.0024001238563297893,""Buenos Aires"""
"Partido,-34.876096844,-58.564701373,""IGN"",""06270"",""Ezeiza"",""Partido de Ezeiza"",""06"",0.0007606075779109093,""Buenos Aires"""
"Departamento,-27.57284591,-66.373102494,""IGN"",""10021"",""Andalgalá"",""Departamento Andalgalá"",""10"",0.05359830092791762,""Catamarca"""
"Partido,-35.749922214,-61.374377787,""IGN"",""06147"",""Carlos Casares"",""Partido de Carlos Casares"",""06"",0.00817124414045041,""Buenos Aires"""
"Partido,-34.814002965,-58.847831205,""IGN"",""06525"",""Marcos Paz"",""Partido de Marcos Paz"",""06"",0.0013471428784673197,""Buenos Aires"""
"Partido,-37.035430912,-58.442556524,""IGN"",""06042"",""Ayacucho"",""Partido de Ayacucho"",""06"",0.022162694133517465,""Buenos Aires"""
"Partido,-36.890675511,-62.418531061,""IGN"",""06399"",""Guaminí"",""Partido de Guaminí"",""06"",0.015795883333214182,""Buenos Aires"""
"Partido,-36.671777535,-63.047973527,""IGN"",""06721"",""Salliqueló"",""Partido de Salliqueló"",""06"",0.0026002100509897753,""Buenos Aires"""
"Departamento,-24.007640145,-64.402311674,""IGN"",""38070"",""Santa Bárbara"",""Departamento Santa Bárbara"",""38"",0.08290764301300975,""Jujuy"""
"Partido,-34.011811918,-60.062664148,""IGN"",""06077"",""Arrecifes"",""Partido de Arrecifes"",""06"",0.003931738525977651,""Buenos Aires"""
"Partido,-34.149844527,-59.854014785,""IGN"",""06140"",""Capitán Sarmiento"",""Partido de Capitán Sarmiento"",""06"",0.001738012460504643,""Buenos Aires"""
"Departamento,-24.089118376,-65.447878246,""IGN"",""38021"",""Dr. Manuel Belgrano"",""Departamento Dr. Manuel Belgrano"",""38"",0.03916432196870735,""Jujuy"""
"Partido,-34.65061569,-58.987846798,""IGN"",""06364"",""General Rodríguez"",""Partido de General Rodríguez"",""06"",0.001167153082300707,""Buenos Aires"""
"Partido,-34.748574135,-59.703386049,""IGN"",""06784"",""Suipacha"",""Partido de Suipacha"",""06"",0.003006782866003582,""Buenos Aires"""
"Partido,-34.596010074,-58.579188386,""IGN"",""06840"",""Tres de Febrero"",""Partido de Tres de Febrero"",""06"",0.00014438916833130807,""Buenos Aires"""
"Departamento,-29.449905472,-68.328556648,""IGN"",""46028"",""General Felipe Varela"",""Departamento General Felipe Varela"",""46"",0.09030161099671448,""La Rioja"""
"Partido,-35.030484482,-59.429358554,""IGN"",""06574"",""Navarro"",""Partido de Navarro"",""06"",0.005181258794310687,""Buenos Aires"""
"Partido,-35.144804496,-58.691094185,""IGN"",""06134"",""Cañuelas"",""Partido de Cañuelas"",""06"",0.0038003588122904673,""Buenos Aires"""
"Departamento,-31.747253905,-68.584679819,""IGN"",""70070"",""Pocito"",""Departamento Pocito"",""70"",0.006552517813927233,""San Juan"""
"Partido,-35.219585786,-59.145741883,""IGN"",""06483"",""Lobos"",""Partido de Lobos"",""06"",0.0055331760361311405,""Buenos Aires"""
"Departamento,-27.393373477,-60.363730212,""IGN"",""22147"",""San Lorenzo"",""Departamento San Lorenzo"",""22"",0.021719210532300748,""Chaco"""
"Partido,-34.997778891,-61.049657234,""IGN"",""06385"",""General Viamonte"",""Partido de General Viamonte"",""06"",0.00684444207281809,""Buenos Aires"""
"Departamento,-28.019974166,-65.922787884,""IGN"",""10007"",""Ambato"",""Departamento Ambato"",""10"",0.018072649703038422,""Catamarca"""
"Partido,-35.379744937,-62.429789579,""IGN"",""06154"",""Carlos Tejedor"",""Partido de Carlos Tejedor"",""06"",0.012569716800361562,""Buenos Aires"""
"Partido,-36.056766272,-62.635079783,""IGN"",""06826"",""Trenque Lauquen"",""Partido de Trenque Lauquen"",""06"",0.017813542102003175,""Buenos Aires"""
"Partido,-36.785935217,-59.696478338,""IGN"",""06049"",""Azul"",""Partido de Azul"",""06"",0.021378003205517533,""Buenos Aires"""
"Partido,-36.640869217,-61.891249553,""IGN"",""06231"",""Daireaux"",""Partido de Daireaux"",""06"",0.012476845428857885,""Buenos Aires"""
"Departamento,-32.93207444,-68.914136225,""IGN"",""50021"",""Godoy Cruz"",""Departamento Godoy Cruz"",""50"",0.000691771875965058,""Mendoza"""
"Partido,-34.831213566,-58.476947929,""IGN"",""06260"",""Esteban Echeverría"",""Partido de Esteban Echeverría"",""06"",0.0003871562169975328,""Buenos Aires"""
"Partido,-37.770638133,-62.434382914,""IGN"",""06700"",""Saavedra"",""Partido de Saavedra"",""06"",0.011745707392202496,""Buenos Aires"""
"Partido,-38.961623789,-61.292146695,""IGN"",""06553"",""Monte Hermoso"",""Partido de Monte Hermoso"",""06"",0.000674275114875116,""Buenos Aires"""
"Partido,-38.090052819,-58.693549779,""IGN"",""06476"",""Lobería"",""Partido de Lobería"",""06"",0.015701606237385715,""Buenos Aires"""
"Partido,-34.909355114,-57.828379772,""IGN"",""06098"",""Berisso"",""Partido de Berisso"",""06"",0.000461516287049348,""Buenos Aires"""
"Partido,-36.390515122,-57.273811645,""IGN"",""06812"",""Tordillo"",""Partido de Tordillo"",""06"",0.004341533979901007,""Buenos Aires"""
"Partido,-33.997089798,-59.1282153,""IGN"",""06882"",""Zárate"",""Partido de Zárate"",""06"",0.003745597657876218,""Buenos Aires"""
"Partido,-33.587186147,-60.057506441,""IGN"",""06665"",""Ramallo"",""Partido de Ramallo"",""06"",0.0032935602867275714,""Buenos Aires"""
"Partido,-34.406797788,-59.884413488,""IGN"",""06161"",""Carmen de Areco"",""Partido de Carmen de Areco"",""06"",0.0033708899120034825,""Buenos Aires"""
"Departamento,-33.329574481,-63.606385855,""IGN"",""14056"",""Juárez Celman"",""Departamento Juárez Celman"",""14"",0.04876614388647456,""Córdoba"""
"Departamento,-24.889794923,-65.271322401,""IGN"",""66028"",""Capital"",""Departamento Capital"",""66"",0.011094384855261897,""Salta"""
"Departamento,-26.084873179,-65.176022047,""IGN"",""66084"",""La Candelaria"",""Departamento La Candelaria"",""66"",0.008795748280513821,""Salta"""
"Departamento,-27.115350264,-61.308834951,""IGN"",""22028"",""Chacabuco"",""Departamento Chacabuco"",""22"",0.01529451034679844,""Chaco"""
"Departamento,-25.70295843,-65.444540624,""IGN"",""66063"",""Guachipas"",""Departamento Guachipas"",""66"",0.018153913588050876,""Salta"""
"Departamento,-31.487419695,-68.523928966,""IGN"",""70042"",""Chimbas"",""Departamento Chimbas"",""70"",0.0007622551122698675,""San Juan"""
"Partido,-34.697321326,-59.420481139,""IGN"",""06532"",""Mercedes"",""Partido de Mercedes"",""06"",0.0033442817350346193,""Buenos Aires"""
"Departamento,-26.975968978,-65.478908498,""IGN"",""90028"",""Famaillá"",""Departamento Famaillá"",""90"",0.020367630987711563,""Tucumán"""
"Partido,-36.03471065,-60.133153104,""IGN"",""06287"",""General Alvear"",""Partido de General Alvear"",""06"",0.010903606337675552,""Buenos Aires"""
"Partido,-34.734970799,-58.276858021,""IGN"",""06658"",""Quilmes"",""Partido de Quilmes"",""06"",0.00029213178834089967,""Buenos Aires"""
"Partido,-34.599283055,-58.649525387,""IGN"",""06408"",""Hurlingham"",""Partido de Hurlingham"",""06"",0.00011387176849289681,""Buenos Aires"""
"Partido,-34.649386163,-58.619831711,""IGN"",""06568"",""Morón"",""Partido de Morón"",""06"",0.00017537699310798263,""Buenos Aires"""
"Partido,-34.618200295,-60.354308113,""IGN"",""06210"",""Chacabuco"",""Partido de Chacabuco"",""06"",0.00729103246694234,""Buenos Aires"""
"Departamento,-33.150394088,-68.497360654,""IGN"",""50035"",""Junín"",""Departamento Junín"",""50"",0.001795508205970697,""Mendoza"""
"Partido,-34.487311344,-58.712137242,""IGN"",""06515"",""Malvinas Argentinas"",""Partido de Malvinas Argentinas"",""06"",0.00019985069859517355,""Buenos Aires"""
"Departamento,-26.125748999,-65.876723058,""IGN"",""66021"",""Cafayate"",""Departamento Cafayate"",""66"",0.010128259065045976,""Salta"""
"Departamento,-31.146180944,-64.149086868,""IGN"",""14021"",""Colón"",""Departamento Colón"",""14"",0.014226582829670577,""Córdoba"""
"Departamento,-27.911308576,-56.790098224,""IGN"",""18084"",""Ituzaingó"",""Departamento Ituzaingó"",""18"",0.10768881685810541,""Corrientes"""
"Departamento,-28.697353621,-67.559254312,""IGN"",""46049"",""Famatina"",""Departamento Famatina"",""46"",0.04517736786502132,""La Rioja"""
"Departamento,-27.32185675,-63.579632022,""IGN"",""86070"",""Figueroa"",""Departamento Figueroa"",""86"",0.05172071328949762,""Santiago del Estero"""
"Partido,-33.482987331,-60.29314878,""IGN"",""06763"",""San Nicolás"",""Partido de San Nicolás"",""06"",0.002138598612141002,""Buenos Aires"""
"Departamento,-28.91874359,-63.303594954,""IGN"",""86168"",""Salavina"",""Departamento Salavina"",""86"",0.023392530914520804,""Santiago del Estero"""
"Departamento,-26.219901837,-64.091749828,""IGN"",""86133"",""Pellegrini"",""Departamento Pellegrini"",""86"",0.049964647733620735,""Santiago del Estero"""
"Departamento,-28.555362665,-63.203766588,""IGN"",""86028"",""Avellaneda"",""Departamento Avellaneda"",""86"",0.028015536920242,""Santiago del Estero"""
"Departamento,-32.578419238,-65.709588772,""IGN"",""74063"",""Libertador General San Martín"",""Departamento Libertador General San Martín"",""74"",0.045386425965813895,""San Luis"""
"Departamento,-33.106882057,-65.900790206,""IGN"",""74021"",""Coronel Pringles"",""Departamento Coronel Pringles"",""74"",0.050618231516981194,""San Luis"""
"Departamento,-32.727076866,-65.198209788,""IGN"",""74028"",""Chacabuco"",""Departamento Chacabuco"",""74"",0.031606845354005625,""San Luis"""
"Departamento,-31.533074848,-68.534285628,""IGN"",""70028"",""Capital"",""Departamento Capital"",""70"",0.0003041455767172703,""San Juan"""
"Partido,-34.552771918,-58.564282176,""IGN"",""06371"",""General San Martín"",""Partido General San Martín"",""06"",0.00017974328420499743,""Buenos Aires"""
"Departamento,-24.346665529,-65.446503451,""IGN"",""38056"",""San Antonio"",""Departamento San Antonio"",""38"",0.013103975157265671,""Jujuy"""
"Departamento,-22.621441999,-66.54156322,""IGN"",""38049"",""Rinconada"",""Departamento Rinconada"",""38"",0.11525552057465105,""Jujuy"""
"Departamento,-23.120377015,-62.137889214,""IGN"",""34063"",""Ramón Lista"",""Departamento Ramón Lista"",""34"",0.05015435342911912,""Formosa"""
"Departamento,-24.146976524,-66.207297364,""IGN"",""66091"",""La Poma"",""Departamento La Poma"",""66"",0.025736399263753058,""Salta"""
"Departamento,-42.443591381,-64.93334799,""IGN"",""26007"",""Biedma"",""Departamento Biedma"",""26"",0.05624439666663986,""Chubut"""
"Departamento,-27.522336712,-58.762484236,""IGN"",""18021"",""Capital"",""Departamento Capital"",""18"",0.006161921171936439,""Corrientes"""
"Departamento,-27.602053078,-58.268350823,""IGN"",""18140"",""San Luis del Palmar"",""Departamento San Luis del Palmar"",""18"",0.02860577132904612,""Corrientes"""
"Partido,-34.636071612,-58.688759516,""IGN"",""06410"",""Ituzaingó"",""Partido de Ituzaingó"",""06"",0.0001212200483927756,""Buenos Aires"""
"Partido,-34.877744824,-58.258554886,""IGN"",""06274"",""Florencio Varela"",""Partido de Florencio Varela"",""06"",0.0006051197787241239,""Buenos Aires"""
"Departamento,-26.37754549,-59.487718157,""IGN"",""22084"",""Libertador General San Martín"",""Departamento Libertador General San Martín"",""22"",0.07212126664937418,""Chaco"""
"Departamento,-42.749029613,-68.802324804,""IGN"",""26049"",""Gastre"",""Departamento Gastre"",""26"",0.07003759565162991,""Chubut"""
"Departamento,-33.022349041,-58.785805171,""IGN"",""30056"",""Gualeguaychú"",""Departamento Gualeguaychú"",""30"",0.0970757725759832,""Entre Ríos"""
"Departamento,-33.624996155,-58.933895854,""IGN"",""30063"",""Islas del Ibicuy"",""Departamento Islas del Ibicuy"",""30"",0.06413729273576091,""Entre Ríos"""
"Departamento,-32.78394246,-60.218070031,""IGN"",""30105"",""Victoria"",""Departamento Victoria"",""30"",0.08535097955251018,""Entre Ríos"""
"Departamento,-32.228040549,-60.523933589,""IGN"",""30021"",""Diamante"",""Departamento Diamante"",""30"",0.034224464647090024,""Entre Ríos"""
"Departamento,-32.44775994,-58.58422521,""IGN"",""30098"",""Uruguay"",""Departamento Uruguay"",""30"",0.06566939545978732,""Entre Ríos"""
"Departamento,-31.695229449,-60.041174482,""IGN"",""30084"",""Paraná"",""Departamento Paraná"",""30"",0.0648976911507347,""Entre Ríos"""
"Partido,-35.071508717,-58.43181206,""IGN"",""06778"",""San Vicente"",""Partido de San Vicente"",""06"",0.002115240893207454,""Buenos Aires"""
"Partido,-37.356127777,-61.344130895,""IGN"",""06322"",""General La Madrid"",""Partido de General La Madrid"",""06"",0.015857892926136673,""Buenos Aires"""
"Partido,-35.676806452,-59.702660744,""IGN"",""06707"",""Saladillo"",""Partido de Saladillo"",""06"",0.008727240738368497,""Buenos Aires"""
"Partido,-36.015826657,-59.17646095,""IGN"",""06455"",""Las Flores"",""Partido de Las Flores"",""06"",0.010818730991871436,""Buenos Aires"""
"Partido,-34.192817389,-60.788023465,""IGN"",""06686"",""Rojas"",""Partido de Rojas"",""06"",0.0065270431264980834,""Buenos Aires"""
"Partido,-34.328682834,-58.771178611,""IGN"",""06252"",""Escobar"",""Partido de Escobar"",""06"",0.0009550349674985667,""Buenos Aires"""
"Partido,-34.511853163,-58.777634598,""IGN"",""06412"",""José C. Paz"",""Partido de José C. Paz"",""06"",0.00015952378436825805,""Buenos Aires"""
"Partido,-38.584189213,-62.169417449,""IGN"",""06056"",""Bahía Blanca"",""Partido de Bahía Blanca"",""06"",0.007628730229600015,""Buenos Aires"""
"Partido,-34.220757566,-59.519443482,""IGN"",""06735"",""San Antonio de Areco"",""Partido de San Antonio de Areco"",""06"",0.0027309839626285617,""Buenos Aires"""
"Partido,-36.886933208,-57.586119104,""IGN"",""06511"",""Maipú"",""Partido de Maipú"",""06"",0.008525908171459061,""Buenos Aires"""
"Partido,-38.202627713,-58.071805373,""IGN"",""06280"",""General Alvarado"",""Partido de General Alvarado"",""06"",0.0054228915365063,""Buenos Aires"""
"Partido,-37.965683142,-57.743028348,""IGN"",""06357"",""General Pueyrredón"",""Partido de General Pueyrredón"",""06"",0.004856161592920926,""Buenos Aires"""
"Partido,-37.498640598,-57.643266056,""IGN"",""06518"",""Mar Chiquita"",""Partido de Mar Chiquita"",""06"",0.010192845753016065,""Buenos Aires"""
"Partido,-37.367071956,-57.063397882,""IGN"",""06868"",""Villa Gesell"",""Partido de Villa Gesell"",""06"",0.0005417771066442116,""Buenos Aires"""
"Partido,-37.11107429,-56.870283412,""IGN"",""06644"",""Pinamar"",""Partido de Pinamar"",""06"",0.0002156207651596988,""Buenos Aires"""
"Partido,-36.650750377,-56.94100299,""IGN"",""06336"",""General Lavalle"",""Partido de General Lavalle"",""06"",0.008828293929250344,""Buenos Aires"""
"Partido,-36.697167821,-56.715940275,""IGN"",""06420"",""La Costa"",""Partido de La Costa"",""06"",0.0007640275832192,""Buenos Aires"""
"Partido,-35.18510307,-57.686127982,""IGN"",""06505"",""Magdalena"",""Partido de Magdalena"",""06"",0.005928500640902168,""Buenos Aires"""
"Departamento,-29.999503063,-58.794996856,""IGN"",""18175"",""Sauce"",""Departamento Sauce"",""18"",0.028298898671076576,""Corrientes"""
"Partido,-34.526531424,-58.504486513,""IGN"",""06861"",""Vicente López"",""Partido de Vicente López"",""06"",0.00010955305387766069,""Buenos Aires"""
"Departamento,-25.447178673,-65.580583139,""IGN"",""66098"",""La Viña"",""Departamento La Viña"",""66"",0.013016943982657113,""Salta"""
"Partido,-36.572194449,-58.944141367,""IGN"",""06672"",""Rauch"",""Partido de Rauch"",""06"",0.014063860955126215,""Buenos Aires"""
"Departamento,-25.425210966,-64.588071465,""IGN"",""66112"",""Metán"",""Departamento Metán"",""66"",0.03417061136104457,""Salta"""
"Departamento,-25.564316528,-66.454872753,""IGN"",""66119"",""Molinos"",""Departamento Molinos"",""66"",0.024155388764722445,""Salta"""
"Departamento,-27.255653769,-60.679974917,""IGN"",""22112"",""O'Higgins"",""Departamento O'Higgins"",""22"",0.01581886189650958,""Chaco"""
"Partido,-34.610680786,-58.810898508,""IGN"",""06560"",""Moreno"",""Partido de Moreno"",""06"",0.0005928125745175615,""Buenos Aires"""
"Departamento,-40.148716193,-64.304912723,""IGN"",""62028"",""Conesa"",""Departamento Conesa"",""62"",0.04822127332890438,""Río Negro"""
"Partido,-34.770348102,-58.625445695,""IGN"",""06427"",""La Matanza"",""Partido de La Matanza"",""06"",0.0010442188810057254,""Buenos Aires"""
"Partido,-37.336429317,-59.18198279,""IGN"",""06791"",""Tandil"",""Partido de Tandil"",""06"",0.015989035019150222,""Buenos Aires"""
"Partido,-37.53485625,-61.889092242,""IGN"",""06203"",""Coronel Suárez"",""Partido de Coronel Suárez"",""06"",0.019758855859659065,""Buenos Aires"""
"Departamento,-31.475356367,-60.669479014,""IGN"",""82063"",""La Capital"",""Departamento La Capital"",""82"",0.022501679459413886,""Santa Fe"""
"Departamento,-25.978431711,-53.963855097,""IGN"",""54049"",""General Manuel Belgrano"",""Departamento General Manuel Belgrano"",""54"",0.09925449441351403,""Misiones"""
"Departamento,-27.026234899,-54.269365131,""IGN"",""54056"",""Guaraní"",""Departamento Guaraní"",""54"",0.10972761343841313,""Misiones"""
"Departamento,-25.874735491,-54.400418589,""IGN"",""54063"",""Iguazú"",""Departamento Iguazú"",""54"",0.09087533735373611,""Misiones"""
"Departamento,-31.054641333,-60.125807736,""IGN"",""82035"",""Garay"",""Departamento Garay"",""82"",0.03054142787973587,""Santa Fe"""
"Departamento,-27.176593947,-55.339290174,""IGN"",""54098"",""San Ignacio"",""Departamento San Ignacio"",""54"",0.05598923871135823,""Misiones"""
"Departamento,-30.167645023,-65.956497717,""IGN"",""46035"",""Chamical"",""Departamento Chamical"",""46"",0.060548885456391935,""La Rioja"""
"Departamento,-43.070597125,-71.455465375,""IGN"",""26035"",""Futaleufú"",""Departamento Futaleufú"",""26"",0.04032434507627565,""Chubut"""
"Partido,-37.714619808,-58.271747562,""IGN"",""06063"",""Balcarce"",""Partido de Balcarce"",""06"",0.013634916729557675,""Buenos Aires"""
"Departamento,-25.82950429,-66.17467082,""IGN"",""66154"",""San Carlos"",""Departamento San Carlos"",""66"",0.036064774484941275,""Salta"""
"Departamento,-49.836488144,-72.065471334,""IGN"",""78028"",""Lago Argentino"",""Departamento Lago Argentino"",""78"",0.16109470074439602,""Santa Cruz"""
"Partido,-36.259189021,-61.660187626,""IGN"",""06406"",""Hipólito Yrigoyen"",""Partido de Hipólito Yrigoyen"",""06"",0.005344035048306886,""Buenos Aires"""
"Departamento,-25.370037717,-58.062606265,""IGN"",""34049"",""Pilcomayo"",""Departamento Pilcomayo"",""34"",0.07113802581847468,""Formosa"""
"Departamento,-44.200144503,-70.576949373,""IGN"",""26098"",""Tehuelches"",""Departamento Tehuelches"",""26"",0.06550418273421535,""Chubut"""
"Departamento,-45.282891546,-67.70886492,""IGN"",""26021"",""Escalante"",""Departamento Escalante"",""26"",0.06525073495851359,""Chubut"""
"Departamento,-30.398515786,-64.60992802,""IGN"",""14049"",""Ischilín"",""Departamento Ischilín"",""14"",0.03007113768298595,""Córdoba"""
"Departamento,-30.726344271,-63.984403989,""IGN"",""14168"",""Totoral"",""Departamento Totoral"",""14"",0.018247501875422432,""Córdoba"""
"Departamento,-32.514322787,-63.256205606,""IGN"",""14042"",""General San Martín"",""Departamento General San Martín"",""14"",0.030421026975587948,""Córdoba"""
"Departamento,-31.532719759,-68.463410047,""IGN"",""70098"",""Santa Lucía"",""Departamento Santa Lucía"",""70"",0.0006168116181825,""San Juan"""
"Departamento,-32.882896044,-68.893648802,""IGN"",""50007"",""Capital"",""Departamento Capital"",""50"",0.00035368808353468677,""Mendoza"""
"Partido,-34.237902043,-61.283381226,""IGN"",""06294"",""General Arenales"",""Partido de General Arenales"",""06"",0.0047011574265184665,""Buenos Aires"""
"Departamento,-26.958042152,-58.709116096,""IGN"",""22014"",""Bermejo"",""Departamento Bermejo"",""22"",0.025752345860440007,""Chaco"""
"Departamento,-32.202059131,-64.615172561,""IGN"",""14007"",""Calamuchita"",""Departamento Calamuchita"",""14"",0.028541098504058716,""Córdoba"""
"Departamento,-26.918003685,-64.973864227,""IGN"",""90014"",""Cruz Alta"",""Departamento Cruz Alta"",""90"",0.05346406651083838,""Tucumán"""
"Departamento,-26.862235346,-65.431024594,""IGN"",""90063"",""Lules"",""Departamento Lules"",""90"",0.027300091142729622,""Tucumán"""
"Departamento,-26.783924472,-65.341173927,""IGN"",""90119"",""Yerba Buena"",""Departamento Yerba Buena"",""90"",0.006597594356830816,""Tucumán"""
"Partido,-36.398937673,-57.631926124,""IGN"",""06238"",""Dolores"",""Partido de Dolores"",""06"",0.006434520012311884,""Buenos Aires"""
"Departamento,-26.343412336,-65.40582079,""IGN"",""90112"",""Trancas"",""Departamento Trancas"",""90"",0.13276154889707342,""Tucumán"""
"Departamento,-26.591468602,-65.889350483,""IGN"",""90098"",""Tafí del Valle"",""Departamento Tafí del Valle"",""90"",0.10819087209260744,""Tucumán"""
"Departamento,-32.979749564,-68.656313363,""IGN"",""50070"",""Maipú"",""Departamento Maipú"",""50"",0.0040998960191065735,""Mendoza"""
"Departamento,-32.914038166,-68.288845865,""IGN"",""50098"",""San Martín"",""Departamento San Martín"",""50"",0.009908821948391834,""Mendoza"""
"Departamento,-31.645418122,-68.389160388,""IGN"",""70063"",""9 de Julio"",""Departamento 9 de Julio"",""70"",0.0017515074163576981,""San Juan"""
"Departamento,-31.209735511,-68.452179237,""IGN"",""70007"",""Albardón"",""Departamento Albardón"",""70"",0.011516113836276182,""San Juan"""
"Departamento,-31.192271865,-68.13204833,""IGN"",""70014"",""Angaco"",""Departamento Angaco"",""70"",0.02901202211881569,""San Juan"""
"Departamento,-30.312897539,-66.663052119,""IGN"",""46056"",""Ángel Vicente Peñaloza"",""Departamento Ángel Vicente Peñaloza"",""46"",0.0344121556368639,""La Rioja"""
"Departamento,-31.686631797,-68.467594597,""IGN"",""70077"",""Rawson"",""Departamento Rawson"",""70"",0.003259741476417324,""San Juan"""
"Departamento,-31.989892129,-67.826802643,""IGN"",""70126"",""25 de Mayo"",""Departamento 25 de Mayo"",""70"",0.048182710941536123,""San Juan"""
"Departamento,-29.395937475,-67.427886789,""IGN"",""46042"",""Chilecito"",""Departamento Chilecito"",""46"",0.05718302662713438,""La Rioja"""
"Departamento,-27.378614362,-54.634090486,""IGN"",""54119"",""25 de Mayo"",""Departamento 25 de Mayo"",""54"",0.055520163420253454,""Misiones"""
"Departamento,-27.476363601,-55.071222111,""IGN"",""54091"",""Oberá"",""Departamento Oberá"",""54"",0.05282714254047721,""Misiones"""
"Departamento,-31.641778356,-68.954841881,""IGN"",""70133"",""Zonda"",""Departamento Zonda"",""70"",0.027591109927884872,""San Juan"""
"Departamento,-31.085285375,-68.882390918,""IGN"",""70112"",""Ullum"",""Departamento Ullum"",""70"",0.05078640677007449,""San Juan"""
"Departamento,-32.076116858,-68.68704088,""IGN"",""70105"",""Sarmiento"",""Departamento Sarmiento"",""70"",0.03244212089612992,""San Juan"""
"Departamento,-31.450935909,-69.831865825,""IGN"",""70021"",""Calingasta"",""Departamento Calingasta"",""70"",0.2583966153060121,""San Juan"""
"Partido,-37.964615907,-60.248282132,""IGN"",""06014"",""Adolfo Gonzales Chaves"",""Partido de Adolfo Gonzales Chaves"",""06"",0.012581507928877037,""Buenos Aires"""
"Departamento,-30.99242678,-58.891860048,""IGN"",""30035"",""Federal"",""Departamento Federal"",""30"",0.06574261735520073,""Entre Ríos"""
"Departamento,-27.619855156,-61.328951956,""IGN"",""22039"",""2 de Abril"",""Departamento 2 de Abril"",""22"",0.016169871933912238,""Chaco"""
"Departamento,-28.188848659,-64.273268381,""IGN"",""86189"",""Silípica"",""Departamento Silípica"",""86"",0.009014600590883918,""Santiago del Estero"""
"Departamento,-28.039492992,-62.544374713,""IGN"",""86098"",""Juan Felipe Ibarra"",""Departamento Juan Felipe Ibarra"",""86"",0.06765889562536896,""Santiago del Estero"""
"Departamento,-28.568325069,-62.338763383,""IGN"",""86077"",""General Taboada"",""Departamento General Taboada"",""86"",0.044527523825730234,""Santiago del Estero"""
"Departamento,-25.105377307,-58.661627748,""IGN"",""34042"",""Pilagás"",""Departamento Pilagás"",""34"",0.045473373915872486,""Formosa"""
"Departamento,-26.467582219,-58.565463242,""IGN"",""34021"",""Laishi"",""Departamento Laishi"",""34"",0.04812991195174986,""Formosa"""
"Departamento,-40.97445843,-66.310890798,""IGN"",""62084"",""Valcheta"",""Departamento Valcheta"",""62"",0.10537274166972496,""Río Negro"""
"Departamento,-25.212576906,-61.334427023,""IGN"",""22063"",""General Güemes"",""Departamento General Güemes"",""22"",0.25572900685309097,""Chaco"""
"Departamento,-34.623127668,-64.373022144,""IGN"",""14035"",""General Roca"",""Departamento General Roca"",""14"",0.07928459113850446,""Córdoba"""
"Departamento,-33.70128532,-67.249723692,""IGN"",""50042"",""La Paz"",""Departamento La Paz"",""50"",0.04999510097272345,""Mendoza"""
"Partido,-38.147917269,-61.264417453,""IGN"",""06196"",""Coronel Pringles"",""Partido de Coronel Pringles"",""06"",0.017499504479814115,""Buenos Aires"""
"Partido,-39.128565233,-62.724598955,""IGN"",""06875"",""Villarino"",""Partido de Villarino"",""06"",0.03529255286998655,""Buenos Aires"""
"Departamento,-27.044624737,-59.774564042,""IGN"",""22119"",""Presidencia de la Plaza"",""Departamento Presidencia de la Plaza"",""22"",0.022636015712679036,""Chaco"""
"Partido,-38.389073197,-59.58632644,""IGN"",""06742"",""San Cayetano"",""Partido de San Cayetano"",""06"",0.010010559960539551,""Buenos Aires"""
"Partido,-38.511814275,-60.237417325,""IGN"",""06833"",""Tres Arroyos"",""Partido de Tres Arroyos"",""06"",0.019829220384615584,""Buenos Aires"""
"Partido,-38.670817608,-61.095550573,""IGN"",""06189"",""Coronel Dorrego"",""Partido de Coronel Dorrego"",""06"",0.019596324413927734,""Buenos Aires"""
"Partido,-38.255411005,-59.167386947,""IGN"",""06581"",""Necochea"",""Partido de Necochea"",""06"",0.015222682610782858,""Buenos Aires"""
"Departamento,-30.114455642,-67.335509803,""IGN"",""46105"",""Independencia"",""Departamento Independencia"",""46"",0.07716058991179967,""La Rioja"""
"Partido,-35.618688309,-57.903981069,""IGN"",""06218"",""Chascomús"",""Partido de Chascomús"",""06"",0.010179906795498293,""Buenos Aires"""
"Partido,-35.426055877,-57.39923404,""IGN"",""06655"",""Punta Indio"",""Partido de Punta Indio"",""06"",0.005160900961331992,""Buenos Aires"""
"Departamento,-24.447537267,-65.101285905,""IGN"",""38014"",""El Carmen"",""Departamento El Carmen"",""38"",0.01721697308798551,""Jujuy"""
"Departamento,-31.709712313,-64.305902163,""IGN"",""14147"",""Santa María"",""Departamento Santa María"",""14"",0.019655428706673365,""Córdoba"""
"Partido,-35.849208392,-57.89484439,""IGN"",""06466"",""Lezama"",""Partido de Lezama"",""06"",0.003384771883346743,""Buenos Aires"""
"Partido,-34.138388959,-58.882957379,""IGN"",""06126"",""Campana"",""Partido de Campana"",""06"",0.003122485090346226,""Buenos Aires"""
"Departamento,-48.838341823,-68.468162129,""IGN"",""78042"",""Magallanes"",""Departamento Magallanes"",""78"",0.08314189748983854,""Santa Cruz"""
"Departamento,-49.947483701,-69.446950723,""IGN"",""78007"",""Corpen Aike"",""Departamento Corpen Aike"",""78"",0.10981688469524026,""Santa Cruz"""
"Departamento,-36.662162153,-64.692211015,""IGN"",""42140"",""Toay"",""Departamento Toay"",""42"",0.035318851808617976,""La Pampa"""
"Departamento,-25.767291354,-59.159256397,""IGN"",""34056"",""Pirané"",""Departamento Pirané"",""34"",0.11512914511407986,""Formosa"""
"Departamento,-45.345092686,-69.002840002,""IGN"",""26091"",""Sarmiento"",""Departamento Sarmiento"",""26"",0.06657029158510455,""Chubut"""
"Departamento,-39.70036017,-68.482789521,""IGN"",""62035"",""El Cuy"",""Departamento El Cuy"",""62"",0.10533761521261231,""Río Negro"""
"Departamento,-32.524623936,-69.267911376,""IGN"",""50049"",""Las Heras"",""Departamento Las Heras"",""50"",0.05813310250662408,""Mendoza"""
"Departamento,-26.785390036,-60.461286907,""IGN"",""22021"",""Comandante Fernández"",""Departamento Comandante Fernández"",""22"",0.015114214398186524,""Chaco"""
"Departamento,-39.480794292,-70.433559333,""IGN"",""58021"",""Catán Lil"",""Departamento Catán Lil"",""58"",0.05898535164270218,""Neuquén"""
"Departamento,-25.946755641,-67.677879848,""IGN"",""10028"",""Antofagasta de la Sierra"",""Departamento Antofagasta de la Sierra"",""10"",0.27402214880505316,""Catamarca"""
"Departamento,-26.833220919,-65.217020804,""IGN"",""90084"",""Capital"",""Departamento Capital"",""90"",0.004032001299941095,""Tucumán"""
"Departamento,-32.610436155,-61.704736452,""IGN"",""82007"",""Belgrano"",""Departamento Belgrano"",""82"",0.01874004899771352,""Santa Fe"""
"Partido,-33.836066814,-60.544782816,""IGN"",""06623"",""Pergamino"",""Partido de Pergamino"",""06"",0.009480341341838557,""Buenos Aires"""
"Departamento,-26.799713302,-59.519105714,""IGN"",""22154"",""Sargento Cabral"",""Departamento Sargento Cabral"",""22"",0.016605770036456084,""Chaco"""
"Departamento,-28.672536399,-59.526696399,""IGN"",""82049"",""General Obligado"",""Departamento General Obligado"",""82"",0.08153105737655221,""Santa Fe"""
"Departamento,-28.970634515,-60.413667925,""IGN"",""82133"",""Vera"",""Departamento Vera"",""82"",0.15275098463425213,""Santa Fe"""
"Departamento,-28.848677677,-61.397994565,""IGN"",""82077"",""9 de Julio"",""Departamento 9 de Julio"",""82"",0.12751191998581288,""Santa Fe"""
"Departamento,-40.791689412,-63.76510044,""IGN"",""62007"",""Adolfo Alsina"",""Departamento Adolfo Alsina"",""62"",0.04452399926563668,""Río Negro"""
"Departamento,-51.413412504,-70.561815547,""IGN"",""78021"",""Güer Aike"",""Departamento Güer Aike"",""78"",0.1451912883248711,""Santa Cruz"""
"Departamento,-28.909497629,-65.901719102,""IGN"",""10042"",""Capayán"",""Departamento Capayán"",""10"",0.04329635246738373,""Catamarca"""
"Departamento,-26.530548147,-64.819598113,""IGN"",""90007"",""Burruyacú"",""Departamento Burruyacú"",""90"",0.16014711692121367,""Tucumán"""
"Departamento,-32.153771359,-61.048126578,""IGN"",""82105"",""San Jerónimo"",""Departamento San Jerónimo"",""82"",0.033771190674308366,""Santa Fe"""
"Departamento,-27.541835583,-67.930742215,""IGN"",""10105"",""Tinogasta"",""Departamento Tinogasta"",""10"",0.2231329328479772,""Catamarca"""
"Departamento,-38.675639864,-63.896818541,""IGN"",""42014"",""Caleu Caleu"",""Departamento Caleu Caleu"",""42"",0.06492223637765365,""La Pampa"""
"Departamento,-38.261634885,-65.09668931,""IGN"",""42084"",""Lihuel Calel"",""Departamento Lihuel Calel"",""42"",0.08842861958303475,""La Pampa"""
"Departamento,-38.179732992,-66.330067376,""IGN"",""42042"",""Curacó"",""Departamento Curacó"",""42"",0.09566006690552879,""La Pampa"""
"Departamento,-38.832279495,-68.794077284,""IGN"",""58035"",""Confluencia"",""Departamento Confluencia"",""58"",0.07648413756386449,""Neuquén"""
"Departamento,-38.574277342,-70.372961046,""IGN"",""58105"",""Picunches"",""Departamento Picunches"",""58"",0.06397691510414695,""Neuquén"""
"Departamento,-38.098375945,-69.015714726,""IGN"",""58014"",""Añelo"",""Departamento Añelo"",""58"",0.12693731858765375,""Neuquén"""
"Departamento,-38.065945161,-70.314232779,""IGN"",""58063"",""Loncopué"",""Departamento Loncopué"",""58"",0.05785219943005763,""Neuquén"""
"Departamento,-37.638118665,-70.678042123,""IGN"",""58084"",""Ñorquín"",""Departamento Ñorquín"",""58"",0.05800309251885774,""Neuquén"""
"Departamento,-37.398409418,-69.403043272,""IGN"",""58091"",""Pehuenches"",""Departamento Pehuenches"",""58"",0.08680411930001364,""Neuquén"""
"Departamento,-39.407604974,-64.400736219,""IGN"",""62063"",""Pichi Mahuida"",""Departamento Pichi Mahuida"",""62"",0.07637996249807837,""Río Negro"""
"Departamento,-26.735179032,-60.756373602,""IGN"",""22070"",""Independencia"",""Departamento Independencia"",""22"",0.0193349692759192,""Chaco"""
"Departamento,-25.939161201,-62.731097227,""IGN"",""86056"",""Copo"",""Departamento Copo"",""86"",0.09377660696043212,""Santiago del Estero"""
"Departamento,-36.478508084,-65.533063651,""IGN"",""42098"",""Loventué"",""Departamento Loventué"",""42"",0.0632271763147787,""La Pampa"""
"Departamento,-35.229893789,-63.660375066,""IGN"",""42056"",""Chapaleufú"",""Departamento Chapaleufú"",""42"",0.01700936674545037,""La Pampa"""
"Departamento,-36.395699693,-66.572742409,""IGN"",""42049"",""Chalileo"",""Departamento Chalileo"",""42"",0.06084237346772886,""La Pampa"""
"Departamento,-36.396973643,-67.694466901,""IGN"",""42063"",""Chical Co"",""Departamento Chical Co"",""42"",0.06234330998681835,""La Pampa"""
"Departamento,-35.631875013,-64.214376626,""IGN"",""42147"",""Trenel"",""Departamento Trenel"",""42"",0.013727353818380798,""La Pampa"""
"Departamento,-27.864707672,-61.301228874,""IGN"",""22043"",""Fray Justo Santa María de Oro"",""Departamento Fray Justo Santa María de Oro"",""22"",0.02254388742413686,""Chaco"""
"Departamento,-32.735611133,-66.715052549,""IGN"",""74014"",""Belgrano"",""Departamento Belgrano"",""74"",0.10602881015409242,""San Luis"""
"Departamento,-40.774350372,-71.486723251,""IGN"",""58070"",""Los Lagos"",""Departamento Los Lagos"",""58"",0.046017284002579484,""Neuquén"""
"Departamento,-35.679616111,-63.662489965,""IGN"",""42105"",""Maracó"",""Departamento Maracó"",""42"",0.017182614880600536,""La Pampa"""
"Departamento,-36.498062598,-64.198128305,""IGN"",""42021"",""Capital"",""Departamento Capital"",""42"",0.017576762925238607,""La Pampa"""
"Departamento,-29.460589655,-66.3526001,""IGN"",""46014"",""Capital"",""Departamento Capital"",""46"",0.14656001597389562,""La Rioja"""
"Departamento,-30.045041249,-63.19901878,""IGN"",""14112"",""Río Seco"",""Departamento Río Seco"",""14"",0.04017840499171785,""Córdoba"""
"Departamento,-39.410262693,-66.206396517,""IGN"",""62014"",""Avellaneda"",""Departamento Avellaneda"",""62"",0.096722575961708,""Río Negro"""
"Departamento,-38.529894778,-67.557403662,""IGN"",""62042"",""General Roca"",""Departamento General Roca"",""62"",0.07039044368624124,""Río Negro"""
"Departamento,-28.431706383,-65.36042892,""IGN"",""10056"",""El Alto"",""Departamento El Alto"",""10"",0.01911491298099103,""Catamarca"""
"Comuna,-34.554126296,-58.454002962,""IGN"",""02091"",""Comuna 13"",""Comuna 13"",""02"",0.07284117526980238,""Ciudad Autónoma de Buenos Aires"""
"Departamento,-29.081505373,-62.218279509,""IGN"",""86042"",""Belgrano"",""Departamento Belgrano"",""86"",0.02469506646328444,""Santiago del Estero"""
"Departamento,-29.297973228,-62.51509738,""IGN"",""86007"",""Aguirre"",""Departamento Aguirre"",""86"",0.030358267103805035,""Santiago del Estero"""
"Departamento,-26.319009989,-60.454643978,""IGN"",""22091"",""Maipú"",""Departamento Maipú"",""22"",0.029195662524050786,""Chaco"""
"Departamento,-33.622887705,-69.509296566,""IGN"",""50119"",""Tunuyán"",""Departamento Tunuyán"",""50"",0.022412326438272023,""Mendoza"""
"Departamento,-32.011482753,-58.369912959,""IGN"",""30008"",""Colón"",""Departamento Colón"",""30"",0.03519768707982054,""Entre Ríos"""
"Departamento,-31.647738896,-59.05947081,""IGN"",""30113"",""Villaguay"",""Departamento Villaguay"",""30"",0.08354154571466868,""Entre Ríos"""
"Departamento,-32.317411722,-59.267286485,""IGN"",""30091"",""Tala"",""Departamento Tala"",""30"",0.033808778400267546,""Entre Ríos"""
"Departamento,-33.119236629,-59.601459827,""IGN"",""30049"",""Gualeguay"",""Departamento Gualeguay"",""30"",0.08518351932670581,""Entre Ríos"""
"Departamento,-30.734853205,-58.159155182,""IGN"",""30028"",""Federación"",""Departamento Federación"",""30"",0.047449312977613296,""Entre Ríos"""
"Departamento,-30.897357325,-59.50043089,""IGN"",""30070"",""La Paz"",""Departamento La Paz"",""30"",0.08364005132497959,""Entre Ríos"""
"Departamento,-30.413899602,-58.728890756,""IGN"",""30042"",""Feliciano"",""Departamento Feliciano"",""30"",0.039778223925986296,""Entre Ríos"""
"Partido,-36.041489744,-57.657425194,""IGN"",""06168"",""Castelli"",""Partido de Castelli"",""06"",0.006844080534328227,""Buenos Aires"""
"Departamento,-31.576883539,-58.486372857,""IGN"",""30088"",""San Salvador"",""Departamento San Salvador"",""30"",0.016888356145719527,""Entre Ríos"""
"Departamento,-27.101956004,-66.92248051,""IGN"",""10035"",""Belén"",""Departamento Belén"",""10"",0.12510651083801103,""Catamarca"""
"Departamento,-28.411788965,-65.836726292,""IGN"",""10049"",""Capital"",""Departamento Capital"",""10"",0.003987971724977098,""Catamarca"""
"Departamento,-28.927413067,-65.504299178,""IGN"",""10014"",""Ancasti"",""Departamento Ancasti"",""10"",0.019629672338209118,""Catamarca"""
"Departamento,-28.233758906,-66.388804536,""IGN"",""10084"",""Pomán"",""Departamento Pomán"",""10"",0.049529557528674696,""Catamarca"""
"Partido,-34.546475132,-61.005250128,""IGN"",""06413"",""Junín"",""Partido de Junín"",""06"",0.007172017573561687,""Buenos Aires"""
"Partido,-35.834662347,-58.698079969,""IGN"",""06301"",""General Belgrano"",""Partido de General Belgrano"",""06"",0.0060014163554025415,""Buenos Aires"""
"Partido,-35.509826758,-58.767235838,""IGN"",""06547"",""Monte"",""Partido de Monte"",""06"",0.006035586000990452,""Buenos Aires"""
"Partido,-35.481635701,-59.357511816,""IGN"",""06693"",""Roque Pérez"",""Partido de Roque Pérez"",""06"",0.0050060228025621805,""Buenos Aires"""
"Partido,-36.857634046,-60.670205401,""IGN"",""06595"",""Olavarría"",""Partido de Olavarría"",""06"",0.02509081324574244,""Buenos Aires"""
"Partido,-34.711003278,-58.741958414,""IGN"",""06539"",""Merlo"",""Partido de Merlo"",""06"",0.0005547620572639353,""Buenos Aires"""
"Departamento,-27.147836577,-54.802343785,""IGN"",""54014"",""Cainguás"",""Departamento Cainguás"",""54"",0.05190154835766274,""Misiones"""
"Departamento,-52.50066288,-53.402640216,""IGN"",""94021"",""Islas del Atlántico Sur"",""Departamento Islas del Atlántico Sur"",""94"",0.0037310535774460127,""Tierra del Fuego, Antártida e Islas del Atlántico Sur"""
"Partido,-36.34714364,-60.131065028,""IGN"",""06798"",""Tapalqué"",""Partido de Tapalqué"",""06"",0.013554573928140823,""Buenos Aires"""
"Partido,-35.07044797,-61.682458385,""IGN"",""06469"",""Lincoln"",""Partido de Lincoln"",""06"",0.01849595858210462,""Buenos Aires"""
"Partido,-37.516505585,-60.768148181,""IGN"",""06448"",""Laprida"",""Partido de Laprida"",""06"",0.011381987339045743,""Buenos Aires"""
"Partido,-34.486892954,-58.537209077,""IGN"",""06756"",""San Isidro"",""Partido de San Isidro"",""06"",0.00016650060207031595,""Buenos Aires"""
"Partido,-37.586110706,-59.888397841,""IGN"",""06084"",""Benito Juárez"",""Partido de Benito Juárez"",""06"",0.017630699095665888,""Buenos Aires"""
"Partido,-33.885864544,-61.062483729,""IGN"",""06175"",""Colón"",""Partido de Colón"",""06"",0.0031442828625256034,""Buenos Aires"""
"Departamento,-27.298200656,-62.463902654,""IGN"",""86119"",""Moreno"",""Departamento Moreno"",""86"",0.11925899454866022,""Santiago del Estero"""
"Partido,-36.497100216,-62.863907773,""IGN"",""06847"",""Tres Lomas"",""Partido de Tres Lomas"",""06"",0.004078918964452557,""Buenos Aires"""
"Partido,-36.298947958,-61.149860085,""IGN"",""06105"",""Bolívar"",""Partido de Bolívar"",""06"",0.01603647256003602,""Buenos Aires"""
"Departamento,-27.875859657,-57.410042173,""IGN"",""18154"",""San Miguel"",""Departamento San Miguel"",""18"",0.03406396778830746,""Corrientes"""
"Departamento,-27.896112665,-58.6658403,""IGN"",""18042"",""Empedrado"",""Departamento Empedrado"",""18"",0.021839984716697833,""Corrientes"""
"Partido,-36.202984224,-58.340443051,""IGN"",""06630"",""Pila"",""Partido de Pila"",""06"",0.011196120457295091,""Buenos Aires"""
"Departamento,-28.859982948,-66.918584756,""IGN"",""46021"",""Castro Barros"",""Departamento Castro Barros"",""46"",0.016578334397668114,""La Rioja"""
"Departamento,-35.408324405,-64.79620577,""IGN"",""42126"",""Rancul"",""Departamento Rancul"",""42"",0.03384848874483481,""La Pampa"""
"Departamento,-26.89314489,-54.923362961,""IGN"",""54077"",""Libertador General San Martín"",""Departamento Libertador General San Martín"",""54"",0.04890165970054607,""Misiones"""
"Departamento,-32.892974815,-68.733303493,""IGN"",""50028"",""Guaymallén"",""Departamento Guaymallén"",""50"",0.0010668395778545446,""Mendoza"""
"Departamento,-37.032494404,-63.778884953,""IGN"",""42007"",""Atreucó"",""Departamento Atreucó"",""42"",0.024444264388557346,""La Pampa"""
"Departamento,-33.487139917,-60.83740013,""IGN"",""82028"",""Constitución"",""Departamento Constitución"",""82"",0.024354567772595127,""Santa Fe"""
"Departamento,-33.224973938,-61.54286212,""IGN"",""82014"",""Caseros"",""Departamento Caseros"",""82"",0.02681277568145202,""Santa Fe"""
"Departamento,-33.117847265,-60.723242232,""IGN"",""82084"",""Rosario"",""Departamento Rosario"",""82"",0.015268244372427431,""Santa Fe"""
"Departamento,-32.941332536,-60.964007888,""IGN"",""82119"",""San Lorenzo"",""Departamento San Lorenzo"",""82"",0.014502816041853942,""Santa Fe"""
"Departamento,-32.706083609,-61.273387709,""IGN"",""82056"",""Iriondo"",""Departamento Iriondo"",""82"",0.02466278868428208,""Santa Fe"""
"Departamento,-26.660149145,-65.46407393,""IGN"",""90105"",""Tafí Viejo"",""Departamento Tafí Viejo"",""90"",0.051819330596633933,""Tucumán"""
"Departamento,-29.15852697,-67.065883634,""IGN"",""46126"",""Sanagasta"",""Departamento Sanagasta"",""46"",0.014192371124769967,""La Rioja"""
"Partido,-40.196383308,-62.850802363,""IGN"",""06602"",""Patagones"",""Partido de Patagones"",""06"",0.0466025403566978,""Buenos Aires"""
"Departamento,-33.900714617,-66.502440226,""IGN"",""74056"",""Juan Martín de Pueyrredón"",""Departamento Juan Martín de Pueyrredón"",""74"",0.1797416975487319,""San Luis"""
"Departamento,-33.892224445,-65.559774563,""IGN"",""74035"",""General Pedernera"",""Departamento General Pedernera"",""74"",0.19704776806641514,""San Luis"""
"Departamento,-31.422983453,-66.67416413,""IGN"",""46112"",""Rosario Vera Peñaloza"",""Departamento Rosario Vera Peñaloza"",""46"",0.0552984961866907,""La Rioja"""
"Departamento,-44.423136927,-66.130264108,""IGN"",""26028"",""Florentino Ameghino"",""Departamento Florentino Ameghino"",""26"",0.07144458608280323,""Chubut"""
"Departamento,-27.794060481,-65.597787708,""IGN"",""90049"",""La Cocha"",""Departamento La Cocha"",""90"",0.042774614431169394,""Tucumán"""
"Departamento,-27.713277596,-65.255036028,""IGN"",""90035"",""Graneros"",""Departamento Graneros"",""90"",0.07536778713990287,""Tucumán"""
"Departamento,-27.606075702,-65.783191259,""IGN"",""90042"",""Juan Bautista Alberdi"",""Departamento Juan Bautista Alberdi"",""90"",0.032836071439247966,""Tucumán"""
"Departamento,-27.450120354,-65.751826639,""IGN"",""90077"",""Río Chico"",""Departamento Río Chico"",""90"",0.027214563167420668,""Tucumán"""
"Departamento,-27.423837061,-65.292484779,""IGN"",""90091"",""Simoca"",""Departamento Simoca"",""90"",0.05946929153886762,""Tucumán"""
"Departamento,-27.269601868,-65.811063721,""IGN"",""90021"",""Chicligasta"",""Departamento Chicligasta"",""90"",0.05737076481113552,""Tucumán"""
"Departamento,-29.601190702,-69.438720106,""IGN"",""70049"",""Iglesia"",""Departamento Iglesia"",""70"",0.21400980855124224,""San Juan"""
"Partido,-38.849077328,-61.83558442,""IGN"",""06182"",""Coronel de Marina Leonardo Rosales"",""Partido de Coronel de Marina Leonardo Rosales"",""06"",0.004335238860542502,""Buenos Aires"""
"Partido,-33.931961377,-59.492787138,""IGN"",""06070"",""Baradero"",""Partido de Baradero"",""06"",0.004831185404839287,""Buenos Aires"""
"Partido,-33.78098602,-59.782626011,""IGN"",""06770"",""San Pedro"",""Partido de San Pedro"",""06"",0.004306731449578401,""Buenos Aires"""
"Departamento,-22.395891732,-64.895564796,""IGN"",""66161"",""Santa Victoria"",""Departamento Santa Victoria"",""66"",0.025693580304281007,""Salta"""
"Departamento,-22.714462381,-63.658286429,""IGN"",""66056"",""General José de San Martín"",""Departamento General José de San Martín"",""66"",0.10244972639861241,""Salta"""
"Departamento,-23.519471828,-62.828594022,""IGN"",""66133"",""Rivadavia"",""Departamento Rivadavia"",""66"",0.1676762920392844,""Salta"""
"Departamento,-24.545751906,-65.853007841,""IGN"",""66147"",""Rosario de Lerma"",""Departamento Rosario de Lerma"",""66"",0.03311761855507661,""Salta"""
"Departamento,-37.483647147,-63.78130813,""IGN"",""42070"",""Guatraché"",""Departamento Guatraché"",""42"",0.024582616904070813,""La Pampa"""
"Departamento,-32.076087129,-65.142223607,""IGN"",""14133"",""San Javier"",""Departamento San Javier"",""14"",0.009399123193485074,""Córdoba"""
"Departamento,-31.031524076,-63.436114778,""IGN"",""14105"",""Río Primero"",""Departamento Río Primero"",""14"",0.04037875022201501,""Córdoba"""
"Departamento,-33.030843151,-62.277594705,""IGN"",""14063"",""Marcos Juárez"",""Departamento Marcos Juárez"",""14"",0.05634831312168844,""Córdoba"""
"Departamento,-23.785485919,-64.828874633,""IGN"",""38035"",""Ledesma"",""Departamento Ledesma"",""38"",0.05618873752451495,""Jujuy"""
"Departamento,-23.082009918,-65.409522749,""IGN"",""38028"",""Humahuaca"",""Departamento Humahuaca"",""38"",0.06620143897276329,""Jujuy"""
"Departamento,-22.939213078,-65.934726094,""IGN"",""38007"",""Cochinoca"",""Departamento Cochinoca"",""38"",0.1346238133404653,""Jujuy"""
"Departamento,-23.743474948,-65.696190197,""IGN"",""38098"",""Tumbaya"",""Departamento Tumbaya"",""38"",0.06207577635187773,""Jujuy"""
"Departamento,-28.828980149,-56.931583511,""IGN"",""18147"",""San Martín"",""Departamento San Martín"",""18"",0.07468107625038052,""Corrientes"""
"Departamento,-29.451453509,-59.255912152,""IGN"",""18070"",""Goya"",""Departamento Goya"",""18"",0.05402426096588053,""Corrientes"""
"Departamento,-32.216301666,-65.394843119,""IGN"",""74049"",""Junín"",""Departamento Junín"",""74"",0.034426665918243025,""San Luis"""
"Departamento,-29.615049032,-62.738675756,""IGN"",""86112"",""Mitre"",""Departamento Mitre"",""86"",0.025178254245274735,""Santiago del Estero"""
"Departamento,-28.69181817,-63.881563998,""IGN"",""86021"",""Atamisqui"",""Departamento Atamisqui"",""86"",0.017776713041895285,""Santiago del Estero"""
"Departamento,-27.47797044,-57.611380771,""IGN"",""18014"",""Berón de Astrada"",""Departamento Berón de Astrada"",""18"",0.009444131238338063,""Corrientes"""
"Departamento,-54.424560895,-67.503484945,""IGN"",""94011"",""Tolhuin"",""Departamento Tolhuin"",""94"",0.0015746484163447776,""Tierra del Fuego, Antártida e Islas del Atlántico Sur"""
"Departamento,-27.550525929,-55.856583337,""IGN"",""54028"",""Capital"",""Departamento Capital"",""54"",0.032704447698845854,""Misiones"""
"Departamento,-27.460850055,-55.582690038,""IGN"",""54021"",""Candelaria"",""Departamento Candelaria"",""54"",0.030900335197807733,""Misiones"""
"Departamento,-27.110620171,-65.643076881,""IGN"",""90070"",""Monteros"",""Departamento Monteros"",""90"",0.05277877333860165,""Tucumán"""
"Departamento,-27.191883176,-65.084864735,""IGN"",""90056"",""Leales"",""Departamento Leales"",""90"",0.08750788132807337,""Tucumán"""
"Departamento,-28.497387009,-58.930435432,""IGN"",""18007"",""Bella Vista"",""Departamento Bella Vista"",""18"",0.01989159494170078,""Corrientes"""
"Departamento,-28.231104129,-56.222176625,""IGN"",""18168"",""Santo Tomé"",""Departamento Santo Tomé"",""18"",0.07820945819788147,""Corrientes"""
"Departamento,-28.212468685,-58.619912888,""IGN"",""18126"",""Saladas"",""Departamento Saladas"",""18"",0.021424034852359754,""Corrientes"""
"Departamento,-27.719931961,-57.787633185,""IGN"",""18063"",""General Paz"",""Departamento General Paz"",""18"",0.02899392225136303,""Corrientes"""
"Departamento,-27.630665258,-55.388067732,""IGN"",""54070"",""Leandro N. Alem"",""Departamento Leandro N. Alem"",""54"",0.03597122348494305,""Misiones"""
"Departamento,-27.777103145,-55.167459594,""IGN"",""54105"",""San Javier"",""Departamento San Javier"",""54"",0.021853850119151596,""Misiones"""
"Departamento,-36.032004391,-64.50864922,""IGN"",""42035"",""Conhelo"",""Departamento Conhelo"",""42"",0.035185500668087025,""La Pampa"""
"Departamento,-29.064506764,-57.818385933,""IGN"",""18105"",""Mercedes"",""Departamento Mercedes"",""18"",0.10962520407343536,""Corrientes"""
"Departamento,-30.800638253,-66.867857195,""IGN"",""46070"",""General Juan Facundo Quiroga"",""Departamento General Juan Facundo Quiroga"",""46"",0.04762214111711283,""La Rioja"""
"Departamento,-31.641465143,-66.14581623,""IGN"",""46091"",""General San Martín"",""Departamento General San Martín"",""46"",0.04998947138684118,""La Rioja"""
"Departamento,-28.543293844,-67.158135297,""IGN"",""46119"",""San Blas de Los Sauces"",""Departamento San Blas de Los Sauces"",""46"",0.015567249695042088,""La Rioja"""
"Departamento,-33.922189821,-61.939680212,""IGN"",""82042"",""General López"",""Departamento General López"",""82"",0.08989266401485906,""Santa Fe"""
"Departamento,-30.354641357,-68.439996584,""IGN"",""70056"",""Jáchal"",""Departamento Jáchal"",""70"",0.16140714862404085,""San Juan"""
"Departamento,-30.716885675,-67.527673679,""IGN"",""70119"",""Valle Fértil"",""Departamento Valle Fértil"",""70"",0.05957535697116675,""San Juan"""
"Departamento,-31.506900326,-67.545440866,""IGN"",""70035"",""Caucete"",""Departamento Caucete"",""70"",0.08618279009396719,""San Juan"""
"Departamento,-25.939635232,-58.377317449,""IGN"",""34014"",""Formosa"",""Departamento Formosa"",""34"",0.08688593652267305,""Formosa"""
"Departamento,-29.59363634,-57.299633836,""IGN"",""18119"",""Paso de los Libres"",""Departamento Paso de los Libres"",""18"",0.05532982148314749,""Corrientes"""
"Departamento,-28.987990488,-58.933723256,""IGN"",""18091"",""Lavalle"",""Departamento Lavalle"",""18"",0.016786255977419857,""Corrientes"""
"Departamento,-28.705807189,-58.613035902,""IGN"",""18161"",""San Roque"",""Departamento San Roque"",""18"",0.027222350387345304,""Corrientes"""
"Departamento,-28.775163187,-56.511530434,""IGN"",""18056"",""General Alvear"",""Departamento General Alvear"",""18"",0.02185956596228277,""Corrientes"""
"Departamento,-28.408399531,-58.031392843,""IGN"",""18028"",""Concepción"",""Departamento Concepción"",""18"",0.0590525344459261,""Corrientes"""
"Partido,-34.49856528,-61.612587474,""IGN"",""06462"",""Leandro N. Alem"",""Partido de Leandro N. Alem"",""06"",0.0050999961045908844,""Buenos Aires"""
"Departamento,-27.888753952,-55.678113484,""IGN"",""54007"",""Apóstoles"",""Departamento Apóstoles"",""54"",0.03497616837976706,""Misiones"""
"Departamento,-27.167803735,-58.958741559,""IGN"",""22126"",""1° de Mayo"",""Departamento 1° de Mayo"",""22"",0.012943599338166332,""Chaco"""
"Partido,-35.581056986,-63.094761685,""IGN"",""06679"",""Rivadavia"",""Partido de Rivadavia"",""06"",0.012738516622740503,""Buenos Aires"""
"Comuna,-34.651788797,-58.499175174,""IGN"",""02063"",""Comuna 9"",""Comuna 9"",""02"",0.08012221805107113,""Ciudad Autónoma de Buenos Aires"""
"Partido,-34.678199308,-58.341144545,""IGN"",""06035"",""Avellaneda"",""Partido de Avellaneda"",""06"",0.00017913873991003956,""Buenos Aires"""
"Departamento,-26.899608103,-64.272473667,""IGN"",""86091"",""Jiménez"",""Departamento Jiménez"",""86"",0.04040055973525302,""Santiago del Estero"""
"Departamento,-27.138889991,-59.346782935,""IGN"",""22056"",""General Donovan"",""Departamento General Donovan"",""22"",0.015322209852247288,""Chaco"""
"Departamento,-26.817040614,-60.018459486,""IGN"",""22168"",""25 de Mayo"",""Departamento 25 de Mayo"",""22"",0.02389459643038139,""Chaco"""
"Departamento,-26.847815755,-61.071333832,""IGN"",""22049"",""General Belgrano"",""Departamento General Belgrano"",""22"",0.01309548738577538,""Chaco"""
"Partido,-34.874105806,-62.401716265,""IGN"",""06277"",""Florentino Ameghino"",""Partido de Florentino Ameghino"",""06"",0.005788839306283431,""Buenos Aires"""
"Departamento,-32.012270646,-61.809074201,""IGN"",""82126"",""San Martín"",""Departamento San Martín"",""82"",0.03755909185728585,""Santa Fe"""
"Departamento,-31.23146155,-61.657258446,""IGN"",""82021"",""Castellanos"",""Departamento Castellanos"",""82"",0.05072954043437379,""Santa Fe"""
"Departamento,-36.130640566,-63.663730013,""IGN"",""42119"",""Quemú Quemú"",""Departamento Quemú Quemú"",""42"",0.017278255990448018,""La Pampa"""
"Departamento,-37.333879481,-65.082831668,""IGN"",""42154"",""Utracán"",""Departamento Utracán"",""42"",0.09016650184660895,""La Pampa"""
"Departamento,-28.016383899,-58.185563999,""IGN"",""18098"",""Mburucuyá"",""Departamento Mburucuyá"",""18"",0.011124506426621836,""Corrientes"""
"Departamento,-27.931167394,-55.467036491,""IGN"",""54035"",""Concepción"",""Departamento Concepción"",""54"",0.02623447327641412,""Misiones"""
"Departamento,-27.715698289,-59.115443991,""IGN"",""22140"",""San Fernando"",""Departamento San Fernando"",""22"",0.036059055626844125,""Chaco"""
"Partido,-34.705654244,-58.394696505,""IGN"",""06434"",""Lanús"",""Partido de Lanús"",""06"",0.0001600517046103628,""Buenos Aires"""
"Partido,-34.754967955,-58.42409543,""IGN"",""06490"",""Lomas de Zamora"",""Partido de Lomas de Zamora"",""06"",0.0002829771781283097,""Buenos Aires"""
"Departamento,-27.349325097,-59.259787769,""IGN"",""22077"",""Libertad"",""Departamento Libertad"",""22"",0.010513622050761636,""Chaco"""
"Comuna,-34.59188367,-58.462774022,""IGN"",""02105"",""Comuna 15"",""Comuna 15"",""02"",0.06963503607215457,""Ciudad Autónoma de Buenos Aires"""
"Departamento,-31.554232539,-68.641623254,""IGN"",""70084"",""Rivadavia"",""Departamento Rivadavia"",""70"",0.0013722853755685875,""San Juan"""
"Departamento,-31.528545756,-68.207266974,""IGN"",""70091"",""San Martín"",""Departamento San Martín"",""70"",0.00627852995341095,""San Juan"""
"Partido,-35.003847016,-58.017777789,""IGN"",""06441"",""La Plata"",""Partido de La Plata"",""06"",0.002855383689322559,""Buenos Aires"""
